IdEstablecimiento,establecimiento,fecha
19-102,Hospital Penco Lirquén,2024-03-28
19-102,Hospital Penco Lirquén,2025-01-19
19-102,Hospital Penco Lirquén,2025-04-02
19-807,SAPU Alcalde Leocán Portus,2023-01-17
19-807,SAPU Alcalde Leocán Portus,2023-01-21
19-807,SAPU Alcalde Leocán Portus,2023-01-22
19-807,SAPU Alcalde Leocán Portus,2024-06-07
19-807,SAPU Alcalde Leocán Portus,2024-06-08
19-807,SAPU Alcalde Leocán Portus,2024-06-09
19-807,SAPU Alcalde Leocán Portus,2024-10-06
19-807,SAPU Alcalde Leocán Portus,2025-07-30
19-986,SAPU La Floresta,2023-02-25
19-986,SAPU La Floresta,2025-03-08
19-986,SAPU La Floresta,2025-06-23
18-809,SAPU Lorenzo Arenas,2023-06-18
19-803,SAPU Paulina Avendaño Pereda,2024-10-04
19-803,SAPU Paulina Avendaño Pereda,2024-10-26
19-803,SAPU Paulina Avendaño Pereda,2024-11-29
19-803,SAPU Paulina Avendaño Pereda,2024-11-30
19-803,SAPU Paulina Avendaño Pereda,2025-10-28
18-817,SAPU Santa Sabina,2023-01-01
18-817,SAPU Santa Sabina,2024-01-01
19-809,SAPU Talcahuano Sur,2023-02-24
18-813,SAPU Yobilo,2025-03-10
19-801,SAR Hualpencillo,2023-01-19
19-801,SAR Hualpencillo,2023-02-02
19-801,SAR Hualpencillo,2023-05-07
19-801,SAR Hualpencillo,2024-10-13
18-913,SAR San Pedro,2024-12-22
19-802,SAR San Vicente,2023-10-31
19-802,SAR San Vicente,2025-01-22
19-802,SAR San Vicente,2025-08-12
