NombreRegion,indice_jun_jul 2023,indice_jun_jul 2024,indice_jun_jul 2025,resp_abr_may_% 2023,resp_abr_may_% 2024,resp_abr_may_% 2025,resp_jun_jul_% 2023,resp_jun_jul_% 2024,resp_jun_jul_% 2025
De Aisén del Gral. C. Ibáñez del Campo,92.0,87.0,102.0,28.0,33.0,23.0,31.0,22.0,30.0
De Antofagasta,92.0,99.0,105.0,42.0,40.0,34.0,35.0,34.0,35.0
De Arica y Parinacota,91.0,101.0,104.0,41.0,34.0,36.0,31.0,33.0,32.0
De Atacama,92.0,86.0,90.0,45.0,45.0,34.0,39.0,30.0,32.0
De Coquimbo,87.0,84.0,93.0,41.0,40.0,31.0,30.0,24.0,27.0
De La Araucanía,87.0,80.0,93.0,37.0,37.0,27.0,30.0,20.0,27.0
De Los Lagos,91.0,88.0,91.0,37.0,33.0,32.0,36.0,30.0,29.0
De Los Ríos,88.0,80.0,89.0,37.0,35.0,32.0,34.0,25.0,28.0
De Magallanes y de La Antártica Chilena,81.0,91.0,96.0,40.0,37.0,34.0,31.0,34.0,28.0
De Tarapacá,95.0,96.0,103.0,34.0,36.0,38.0,31.0,35.0,35.0
De Valparaíso,84.0,78.0,88.0,38.0,39.0,31.0,31.0,23.0,27.0
De Ñuble,81.0,70.0,88.0,34.0,41.0,31.0,29.0,19.0,28.0
Del Bíobío,82.0,73.0,90.0,38.0,40.0,33.0,30.0,19.0,29.0
Del Libertador B. O'Higgins,82.0,73.0,87.0,33.0,35.0,29.0,30.0,21.0,27.0
Del Maule,83.0,76.0,87.0,39.0,42.0,34.0,35.0,27.0,32.0
Metropolitana de Santiago,83.0,78.0,90.0,39.0,43.0,33.0,34.0,28.0,33.0
PAÍS,85.0,79.0,91.0,38.0,40.0,32.0,33.0,26.0,30.0
