IdCausa,GlosaCausa,desde,hasta
1,SECCIÓN 1. TOTAL ATENCIONES DE URGENCIA,2023,2026
2,TOTAL CAUSA SISTEMA  RESPIRATORIO (J00-J98),2023,2026
3,Bronquitis/bronquiolitis aguda (J20-J21),2023,2026
4,Influenza (J09-J11),2023,2026
5,Neumonía (J12-J18),2023,2026
6,"Otra causa respiratoria no contenidas en las categorías anteriores (J22, J30-J39, J47, J60-J98)",2023,2026
7,- Causas sistema respiratorio (J00-J98),2023,2026
8,- Por otras causas no contenidas en las causas anteriores,2023,2026
10,IRA Alta (J00-J06),2023,2026
11,Crisis obstructiva bronquial (J40-J46),2023,2026
12,TOTAL ATENCIONES POR CAUSA SISTEMA CIRCULATORIO (I00-I99),2023,2026
13,Infarto agudo miocardio (I21-I22),2023,2026
14,"Accidente vascular encefálico (I60-I66, I67.8-I67.9, I69)",2023,2026
15,Crisis hipertensiva (I10.X),2023,2026
16,"Arritmia grave (I44-I46.0, I46.9-I49)",2023,2026
17,"Otras causas circulatorias no contenidas en las categorías anteriores (I00-I09, I11-I15, I20, I23-I28, I30-I42, I50-I52, I67.0-I67.7 e I70-I99)",2023,2026
18,TOTAL ATENCIONES POR TRAUMATISMOS Y ENVENAMIENTOS (S00-T98),2023,2026
19,Lesiones por Accidentes del tránsito (Causa Externa V01-V89),2023,2026
20,"Lesiones por otras causas externas no contenidas en las categorías anteriores  (Causa Externa V90-W99, X20-X59, X85-Y98)",2023,2026
21,TOTAL ATENCIONES POR OTRAS CAUSAS (No contenidas en las causas anteriores),2023,2026
22,- Causas sistema circulatorio (I00-I99),2023,2026
23,- Causas por traumatismos y envenenamientos  (S00-T98),2023,2026
24,CIRUGÍAS DE URGENCIA,2023,2026
25,SECCIÓN 2. TOTAL HOSPITALIZACIONES POR GRUPO DE CAUSA,2023,2026
27,Pacientes en espera de hospitalización,2023,2026
28,Pacientes en espera de hospitalización que esperan menos de 12 horas para ser trasladados a cama hospitalaria,2023,2026
29,TOTAL ATENCIONES POR DIARREA AGUDA (A00-A09),2023,2026
30,"TOTAL ATENCIONES POR COVID-19, Virus Identificado U07.1",2023,2026
31,TOTAL ATENCIONES POR COVID-19  Virus no Identificado U07.2,2023,2026
32,"- Por covid-19, virus identificado U07.1",2023,2026
33,"- Por covid-19, virus no identificado U07.2",2023,2026
34,TOTAL DEMANDA,2023,2026
35,Lesiones Autoinflingidas Intencionalmente (Causa Externa X60-X84),2023,2026
36,TOTAL ATENCIONES POR CAUSA DE TRASTORNOS MENTALES (F00-F99),2023,2026
37,Ideación suicida (R45.8),2023,2026
38,Trastornos mentales y del comportamiento debidos al uso de sustancias psicoactivas (F10-F19),2023,2026
39,Trastornos del Humor (Afectivos) (F30-F39),2023,2026
40,"Trastornos neuróticos, trastornos relacionados con el estrés y trastornos somatomorfos (F40-F48)",2023,2026
41,Otros trastornos mentales no contenidos en las categorías anteriores,2023,2026
42,- Causa por trastornos mentales (F00-F99),2023,2026
43,"Lesiones por Quemaduras, exposición al humo, fuego, llamas, contacto con calor y sustancias calientes (Causa Externa X00-X19)",2025,2026
