establecimiento,tipo,semana_inicio,atenciones,mediana_9_sem,razon,dias_reportados,motivo
SAPU Alcalde Leocán Portus,SAPU,2023-01-16,140,429.0,0.33,5,< 7 días reportados
SAPU Alcalde Leocán Portus,SAPU,2023-02-20,286,429.0,0.67,4,< 7 días reportados
SAPU Alcalde Leocán Portus,SAPU,2024-04-08,578,679.0,0.85,6,< 7 días reportados
SAPU Alcalde Leocán Portus,SAPU,2024-10-07,422,709.0,0.6,4,< 7 días reportados
SAPU La Floresta,SAPU,2025-06-30,336,518.0,0.65,6,< 7 días reportados
SAPU Paulina Avendaño Pereda,SAPU,2024-10-21,328,486.0,0.67,6,< 7 días reportados
SAPU Yobilo,SAPU,2023-02-06,398,461.0,0.86,6,< 7 días reportados
SAPU Yobilo,SAPU,2023-04-10,542,643.0,0.84,6,< 7 días reportados
SAPU Yobilo,SAPU,2023-08-07,522,522.0,1.0,6,< 7 días reportados
SAPU Yobilo,SAPU,2023-08-14,349,539.0,0.65,5,< 7 días reportados
SAR Boca Sur,SAR,2023-01-16,616,732.0,0.84,6,< 7 días reportados
SAR Boca Sur,SAR,2023-03-06,612,768.0,0.8,5,< 7 días reportados
SAR Boca Sur,SAR,2024-08-19,282,897.0,0.31,7,< 50 % de la mediana
SAR Hualpencillo,SAR,2023-01-23,1007,1036.0,0.97,6,< 7 días reportados
SAR Hualpencillo,SAR,2023-01-30,822,1041.0,0.79,6,< 7 días reportados
SAR Hualpencillo,SAR,2023-02-13,1041,1041.0,1.0,6,< 7 días reportados
SAR Hualpencillo,SAR,2023-02-20,896,1219.0,0.74,6,< 7 días reportados
SAR San Vicente,SAR,2023-12-18,590,731.0,0.81,6,< 7 días reportados
SAR San Vicente,SAR,2024-10-28,623,715.0,0.87,6,< 7 días reportados
SAR Víctor Manuel Fernández,SAR,2023-03-13,881,921.0,0.96,6,< 7 días reportados
SAR Víctor Manuel Fernández,SAR,2023-04-10,923,1082.0,0.85,6,< 7 días reportados
SAR Víctor Manuel Fernández,SAR,2023-12-25,789,811.0,0.97,6,< 7 días reportados
