IdEstablecimiento,establecimiento,tipo,comuna,2023,2024,2025,2026,Nota,En las series
18-100,Hospital Clínico Regional Dr. Guillermo Grant Benavente (Concepción),Hospital,Concepción,365.0,366.0,365.0,276.0,,True
19-100,Hospital Las Higueras (Talcahuano),Hospital,Talcahuano,365.0,366.0,365.0,276.0,,True
19-102,Hospital Penco Lirquén,Hospital,Penco,365.0,366.0,365.0,273.0,,True
18-105,Hospital San José de Coronel,Hospital,Coronel,365.0,366.0,365.0,274.0,,True
19-807,SAPU Alcalde Leocán Portus,SAPU,Talcahuano,360.0,362.0,365.0,271.0,,True
18-810,SAPU Juan Soto Fernández,SAPU,Concepción,365.0,366.0,365.0,277.0,,True
19-986,SAPU La Floresta,SAPU,Hualpén,365.0,366.0,364.0,268.0,,True
18-812,SAPU Lagunillas,SAPU,Coronel,365.0,366.0,365.0,277.0,,True
18-814,SAPU Leonera,SAPU,Chiguayante,365.0,366.0,365.0,277.0,,True
18-818,SAPU Loma Colorada,SAPU,San Pedro de la Paz,365.0,366.0,365.0,277.0,,True
18-809,SAPU Lorenzo Arenas,SAPU,Concepción,365.0,366.0,365.0,277.0,,True
201078,SAPU O'HIGGINS,SAPU,Concepción,365.0,366.0,365.0,277.0,,True
19-803,SAPU Paulina Avendaño Pereda,SAPU,Talcahuano,365.0,365.0,365.0,275.0,,True
18-817,SAPU Santa Sabina,SAPU,Concepción,365.0,366.0,365.0,277.0,,True
19-809,SAPU Talcahuano Sur,SAPU,Hualpén,365.0,366.0,365.0,270.0,,True
18-813,SAPU Yobilo,SAPU,Coronel,360.0,366.0,365.0,277.0,,True
19-808,SAPU los Cerros,SAPU,Talcahuano,,,,34.0, Sin cobertura en 2023–2025: fuera de las series,False
18-924,SAR Boca Sur,SAR,San Pedro de la Paz,362.0,366.0,365.0,276.0,,True
201140,SAR Carlos Pinto Fierro,SAR,Coronel,365.0,366.0,365.0,277.0,,True
18-912,SAR Chiguayante,SAR,Chiguayante,365.0,366.0,365.0,277.0,,True
19-801,SAR Hualpencillo,SAR,Hualpén,361.0,366.0,365.0,276.0,,True
201018,SAR Los Cerros,SAR,Talcahuano,365.0,366.0,365.0,265.0,Código 19-912 hasta 2023,True
19-804,SAR Penco,SAR,Penco,365.0,366.0,365.0,276.0,,True
18-913,SAR San Pedro,SAR,San Pedro de la Paz,365.0,366.0,365.0,277.0,,True
19-802,SAR San Vicente,SAR,Talcahuano,364.0,365.0,365.0,275.0,,True
18-806,SAR Tucapel,SAR,Concepción,365.0,366.0,365.0,274.0,,True
18-902,SAR Víctor Manuel Fernández,SAR,Concepción,362.0,366.0,365.0,276.0,,True
