establecimiento,tipo,comuna,2023,2024,2025,var_%_2023_2025,CV_%
Hospital Clínico Regional Dr. Guillermo Grant Benavente (Concepción),Hospital,Concepción,1953.4,1912.2,2185.6,11.9,11.3
Hospital Las Higueras (Talcahuano),Hospital,Talcahuano,1857.3,1912.9,1999.6,7.7,9.1
SAR Chiguayante,SAR,Chiguayante,1012.8,1720.7,1678.5,65.7,25.2
Hospital San José de Coronel,Hospital,Coronel,1614.8,1508.7,1351.4,-16.3,14.8
SAR Hualpencillo,SAR,Hualpén,1257.1,1259.8,1278.7,1.7,11.5
SAR Tucapel,SAR,Concepción,950.3,1151.9,1202.3,26.5,17.0
SAPU Lagunillas,SAPU,Coronel,949.0,1032.5,1088.4,14.7,17.5
SAR Carlos Pinto Fierro,SAR,Coronel,905.2,942.0,914.4,1.0,15.8
SAR San Pedro,SAR,San Pedro de la Paz,888.7,891.4,878.9,-1.1,13.9
SAR Boca Sur,SAR,San Pedro de la Paz,900.3,847.9,827.0,-8.1,15.2
SAR Víctor Manuel Fernández,SAR,Concepción,920.8,875.2,811.1,-11.9,13.6
SAPU Loma Colorada,SAPU,San Pedro de la Paz,835.5,909.3,805.7,-3.6,22.5
SAR Los Cerros,SAR,Talcahuano,892.3,748.5,718.6,-19.5,20.9
Hospital Penco Lirquén,Hospital,Penco,803.6,739.6,712.9,-11.3,11.7
SAR Penco,SAR,Penco,661.5,681.8,710.0,7.3,15.9
SAPU Leonera,SAPU,Chiguayante,770.9,678.3,701.1,-9.1,18.3
SAR San Vicente,SAR,Talcahuano,1049.9,725.6,687.5,-34.5,26.3
SAPU Lorenzo Arenas,SAPU,Concepción,525.2,605.7,659.1,25.5,22.3
SAPU Santa Sabina,SAPU,Concepción,647.1,663.0,630.2,-2.6,21.4
SAPU Alcalde Leocán Portus,SAPU,Talcahuano,601.2,590.4,558.1,-7.2,21.1
SAPU La Floresta,SAPU,Hualpén,532.0,555.3,541.4,1.8,22.1
SAPU Yobilo,SAPU,Coronel,564.1,523.9,535.4,-5.1,20.2
SAPU Talcahuano Sur,SAPU,Hualpén,628.7,612.1,535.2,-14.9,21.1
SAPU O'HIGGINS,SAPU,Concepción,318.1,426.0,448.8,41.1,26.2
SAPU Paulina Avendaño Pereda,SAPU,Talcahuano,439.0,430.9,405.7,-7.6,21.9
SAPU Juan Soto Fernández,SAPU,Concepción,407.5,428.8,389.7,-4.4,17.9
